name;VwaSpecies;LatinSpecies;DutchSpecies
House mouse;Muizen;Mus musculus;Huismuis
Brown rat;Ratten;Rattus norvegicus;Bruine rat
Common vole;And. knaagdieren;Microtus arvalis;Veldmuis
Tundra vole;And. knaagdieren;Microtus oeconomus;Noordse woelmuis
Syrian hamster;Hamsters;Mesocricetus auratus;Goudhamster
European groundsquirrel;And. knaagdieren;Spermophilus citellus;Europese grondeekhoorn
Siberian hamster;Hamsters;Phodopus sungorus;Siberische hamster
Domestic guinea pig;Cavia's;Cavia porcellus;Cavia
Fat-tailed dunnart;And. Zoogdieren;Sminthopsis granulipes;Dikstaartsmalvoetbuidelmuis